Function,Dimension,Best_Output,Week7_Query,Beta,MLP_Hidden_Layers,MLP_Alpha,MLP_Learning_Rate,CNN_Channels,CNN_Epochs,CNN_LR
1,2,7.710875114502849e-16,0.058297-0.998421,1.8,"(128, 64, 32)",0.0005,0.0007,8,450,0.01
2,2,0.6112052157614438,0.854811-0.022906,1.8,"(128, 64, 32)",0.0005,0.0007,8,450,0.01
3,3,-0.03333218343962805,0.507856-0.945814-0.000000,1.8,"(64, 32)",0.0005,0.001,8,450,0.01
4,4,0.5994256847352308,0.425212-0.377719-0.427527-0.420346,2.3,"(128, 64, 32)",0.0005,0.0007,16,600,0.008
5,4,6043.928918914933,1.000000-1.000000-1.000000-1.000000,1.7,"(128, 64, 32)",0.0005,0.0007,16,600,0.008
6,5,-0.40067561435372423,0.548689-0.090612-0.596270-0.738400-0.042076,1.7,"(64, 32)",0.0005,0.001,16,600,0.008
7,6,1.493591747104962,0.446362-0.191624-0.030942-0.129517-0.412839-0.618823,2.8,"(128, 64, 32)",0.0005,0.0007,24,750,0.006
8,8,9.8898511444579,0.123636-0.877898-0.029459-0.738588-0.965005-0.127021-0.159880-0.078839,2.8,"(64, 32)",0.0005,0.001,24,750,0.006
