Function,Dimension,Best_Output,Week6_Query
1,2,7.710875114502849e-16,0.012658-0.001204
2,2,0.6112052157614438,0.803770-0.997320
3,3,-0.03333218343962805,0.034249-0.018981-0.451567
4,4,0.5994256847352308,0.485961-0.345148-0.465576-0.429334
5,4,3420.1124772143226,0.801922-1.000000-1.000000-1.000000
6,5,-0.7142649478202404,0.586987-0.182795-0.646577-0.709830-0.091668
7,6,1.493591747104962,0.251627-0.008515-0.005607-0.024728-0.411581-0.615802
8,8,9.8898511444579,0.103911-0.000000-0.045943-0.011461-0.877426-0.770540-0.000000-0.000000
