Function,Dimension,Current_Best_Output,Beta,Threshold_for_SVM,Predicted_Mean,Predicted_Std,Predicted_SVM_Prob,Week3_Submission
1,2,7.710875114502849e-16,1.5,7.418443356706735e-47,0.000525257,0.000579073,0.396492768,0.702630-0.955980
2,2,0.6112052157614438,1.5,0.38260824146284755,0.6127896182315351,0.035714057208059286,0.3662520373905922,0.700329-1.000000
3,3,-0.033332183,1.5,-0.047795549,-0.043719474,0.065092627,0.38474741389410927,0.977206-0.330727-0.000017
4,4,-0.715815075,2,-12.74673346,-0.992222887,0.6028021800889232,0.8396986231022504,0.393932-0.393230-0.377559-0.426151
5,4,1769.2992166742467,2,196.1280897881827,1807.343675179905,75.27401118879227,0.8866587650642376,0.449325-0.603715-1.000000-1.000000
6,5,-0.714264948,2,-1.217104585,-0.698312176,0.3113539402111557,0.2582016870163739,0.941155-0.654101-0.079248-0.961137-0.229746
7,6,1.493591747104962,2.5,0.27433879631039193,1.198776335,0.1983539366125058,0.7025097222070372,0.153100-0.236737-0.190018-0.000000-0.365128-0.744155
8,8,9.774131278,2.5,8.468899906524294,10.04332087136676,0.13251170649586558,0.9819751318524031,0.103762-0.017606-0.204751-0.194101-0.745367-0.674182-0.125362-0.044024
