Function,Dimension,Best_Output,Week12_Query
1,2,7.710875114502849e-16,0.559681-0.757263
2,2,0.6219708025012802,0.717588-0.999989
3,3,-0.011085004696869778,0.554331-0.546824-0.009983
4,4,0.5994256847352308,0.439877-0.384576-0.440271-0.390274
5,4,8662.4825,0.999364-1.000000-1.000000-1.000000
6,5,-0.40067561435372423,0.566374-0.137395-0.620833-0.702993-0.055902
7,6,1.5748123144599588,0.433088-0.185515-0.098115-0.065557-0.322828-0.643452
8,8,9.8898511444579,0.018604-0.021787-0.083358-0.591628-0.392320-0.068548-0.055317-0.060376
