Function,Dimension,Best_Output,Week13_Final_Query
1,2,7.710875114502849e-16,0.552827-0.758234
2,2,0.6219708025012802,0.642421-1.000000
3,3,-0.011085004696869778,0.434257-0.526299-0.136139
4,4,0.5994256847352308,0.419305-0.440327-0.415065-0.400751
5,4,8662.4825,0.999380-1.000000-1.000000-1.000000
6,5,-0.40067561435372423,0.578324-0.150136-0.629616-0.664128-0.082450
7,6,1.5748123144599588,0.366781-0.168692-0.148176-0.066461-0.314743-0.637601
8,8,9.8898511444579,0.046870-0.130599-0.217173-0.733779-0.577826-0.043917-0.060550-0.078921
