Function,Dimension,Best_Output,Week11_Query
1,2,7.710875114502849e-16,0.467104-0.834974
2,2,0.6219708025012802,0.747288-0.926554
3,3,-0.011085004696869778,0.296735-0.643878-0.094080
4,4,0.5994256847352308,0.418779-0.431152-0.405418-0.406656
5,4,8662.4825,0.999460-1.000000-1.000000-1.000000
6,5,-0.40067561435372423,0.571921-0.151391-0.620488-0.691349-0.074337
7,6,1.5748123144599588,0.381428-0.204458-0.115885-0.034290-0.332698-0.641134
8,8,9.8898511444579,0.473833-0.064146-0.083529-0.036927-0.062041-0.869590-0.062030-0.085633
