Function,Query
1,0.010526-0.990374
2,0.004772-0.978947
3,0.680118-0.995208-0.002648
4,0.408484-0.359246-0.432464-0.412663
5,0.881524-0.985435-0.920544-0.958662
6,0.375414-0.156148-0.562724-0.727964-0.019886
7,0.009449-0.344044-0.048163-0.336068-0.352414-0.778946
8,0.008779-0.537399-0.010010-0.926877-0.789609-0.901063-0.080608-0.060920
