Function,Query
1,0.012715-0.992415
2,0.026867-0.999598
3,0.955194-0.008179-0.700062
4,0.425212-0.377719-0.427527-0.420346
5,0.479838-0.890814-1.000000-1.000000
6,0.137088-0.268975-0.283122-0.986752-0.045377
7,0.000000-0.450181-0.211028-0.000000-0.353842-1.000000
8,0.000000-0.000000-0.301242-0.216500-0.000000-1.000000-0.000000-1.000000
