Function,Dimension,Best_Output,Week10_Query
1,2,7.710875114502849e-16,0.206165-0.991956
2,2,0.6219708025012802,0.700269-1.000000
3,3,-0.03333218343962805,0.645025-0.608525-0.476381
4,4,0.5994256847352308,0.420631-0.428434-0.390046-0.387683
5,4,8662.4825,1.000000-0.998063-1.000000-1.000000
6,5,-0.40067561435372423,0.558987-0.158160-0.653905-0.696695-0.048854
7,6,1.5748123144599588,0.401880-0.160448-0.133587-0.058632-0.301206-0.662879
8,8,9.8898511444579,0.004318-0.278304-0.008528-0.973578-0.995037-0.716242-0.074606-0.124800
